iteration,run,score
0,0,6.852130633414857
0,1,4.041285853395311
0,2,1.5889409091246804
0,3,1.5272965850753994
0,4,4.914844223684557
0,5,3.227588627502243
0,6,3.518442802049279
0,7,6.88681615535447
0,8,5.724437022349527
0,9,4.484344500962396
0,10,4.083461382364506
0,11,6.082491056561389
0,12,3.3264056650233975
0,13,5.286488353747673
0,14,5.6929424257412045
0,15,4.90467135564799
0,16,2.2097519230175386
0,17,1.8552805514663522
0,18,3.6228289464645167
0,19,3.9046054486230712
0,20,5.5204623579237175
0,21,5.279417568520465
0,22,3.8727759817439953
0,23,4.425513426442058
0,24,3.0307638502350596
0,25,6.087398283954405
0,26,2.9258547236842265
0,27,4.417981988851651
0,28,5.221066443976702
0,29,4.631602954194879
0,30,6.055175667006392
0,31,4.824347594455496
0,32,5.175069350009851
0,33,2.5338798608623048
0,34,1.310740124991149
0,35,6.5654333556174285
0,36,4.248554965554925
0,37,2.9824818307656464
0,38,2.548085889355627
0,39,1.7146478261020306
0,40,1.9308417770381165
0,41,6.63892974628104
0,42,4.247766761757562
0,43,3.068481822866783
0,44,4.702252481936744
0,45,5.88042804520166
0,46,2.981503451625848
0,47,5.340521872422686
0,48,5.128343425254247
0,49,2.499183208946497
1,0,3.906333941261714
1,1,5.690228867198276
1,2,4.000051542997173
1,3,2.978321715094312
1,4,5.470798048183148
1,5,3.0732871780702196
1,6,5.332003247627154
1,7,7.577504449820934
1,8,4.726867032139533
1,9,3.786060305363595
1,10,5.27569805543251
1,11,3.9902943545905734
1,12,4.4864520086061805
1,13,6.47720109819271
1,14,3.2788149141318392
1,15,1.7545515374158551
1,16,2.8242947138795707
1,17,2.892036974098567
1,18,4.213136552053783
1,19,3.4039972544250734
1,20,4.964892429432083
1,21,2.0520915874374133
1,22,4.415632460757719
1,23,5.289591407289264
1,24,4.766458687788649
1,25,4.466963672580561
1,26,5.211963974156355
1,27,3.2756344623313094
1,28,5.2843587887835195
1,29,4.98725292109499
1,30,5.842581133229753
1,31,2.6845645988096924
1,32,4.108194227801285
1,33,3.3950560146694357
1,34,3.400791509912323
1,35,4.512441372278789
1,36,2.4559246524715093
1,37,4.893121897091288
1,38,5.525012292005403
1,39,0.9380900930709348
1,40,5.970609999431026
1,41,5.244341666164806
1,42,4.46957637763505
1,43,3.97692071849216
1,44,4.60504796387286
1,45,4.189604184235126
1,46,4.496107593799781
1,47,7.382681196384136
1,48,4.556032479543864
1,49,3.5979750835841005
2,0,7.369211543954666
2,1,5.603607620876909
2,2,5.549425186603608
2,3,7.545359250359022
2,4,5.558046544664661
2,5,5.697648741855626
2,6,6.6604225264817645
2,7,6.118713579476309
2,8,4.609717520937801
2,9,3.8455410980593765
2,10,5.081099179432315
2,11,4.734004347443818
2,12,5.9143910883230655
2,13,4.918945927982891
2,14,6.436957713791163
2,15,6.8825750591238855
2,16,6.06660679377398
2,17,5.5331883290157045
2,18,6.8613938093349365
2,19,5.887093039272737
2,20,4.346153060385646
2,21,4.536102037596938
2,22,5.069861625853434
2,23,6.1426896650743945
2,24,6.053061775085231
2,25,5.117164972640634
2,26,5.497630956306754
2,27,7.034537454449785
2,28,6.474671566944712
2,29,8.0025738622289
2,30,5.855899991104733
2,31,5.1370857877046285
2,32,5.741362537310007
2,33,5.775779468599392
2,34,5.693069959787435
2,35,4.394668085329302
2,36,4.590673920913336
2,37,4.481230577732368
2,38,4.796409350198295
2,39,7.1272431351377366
2,40,4.404795321264282
2,41,7.134133814411616
2,42,5.5384425765743845
2,43,4.483707137914415
2,44,7.83782251581308
2,45,5.490570520085394
2,46,4.031900105047836
2,47,4.375515334653129
2,48,5.723472895283378
2,49,8.921658702316577
3,0,7.552253980181588
3,1,2.766936071837258
3,2,5.473583839455539
3,3,1.1181892265212063
3,4,5.256377023349891
3,5,7.758751810706691
3,6,8.358943229081797
3,7,3.3796069165717277
3,8,5.657671422579396
3,9,3.7837603668508812
3,10,4.171932061422437
3,11,4.9973010486888745
3,12,3.7525326744488643
3,13,3.106569056092093
3,14,5.422556752831166
3,15,5.83054157480688
3,16,3.6307064782204748
3,17,7.190605471055035
3,18,4.14329907996621
3,19,4.162182873787275
3,20,3.4915784701188795
3,21,5.668676865132968
3,22,2.797556100306763
3,23,3.6746293171443263
3,24,2.8415304599771707
3,25,2.469901976121532
3,26,3.76617396045331
3,27,4.566988372405769
3,28,5.639317269590152
3,29,3.846551269374795
3,30,6.368878282059819
3,31,4.130991107541609
3,32,6.40939874540266
3,33,5.210325026256602
3,34,5.773649199493223
3,35,5.414390025844577
3,36,5.278979698929991
3,37,5.367448988140853
3,38,6.058099113229661
3,39,3.444832452609125
3,40,4.462130284008898
3,41,4.9665066454283
3,42,4.558345834950143
3,43,6.898964626830103
3,44,5.3138910399177455
3,45,4.589303257340871
3,46,4.267770023996893
3,47,4.1283250510687965
3,48,6.903611414823338
3,49,7.053135592525813
4,0,4.455589346015662
4,1,6.491764313414356
4,2,6.87796538533126
4,3,6.638633372207146
4,4,6.287841957748441
4,5,4.267773243111006
4,6,7.131244513315647
4,7,4.185506997900587
4,8,6.841425250719621
4,9,4.301165294765269
4,10,7.277938880277037
4,11,6.42165774116924
4,12,5.787538125278441
4,13,5.4513878135127065
4,14,4.785084704417837
4,15,5.144665391651111
4,16,7.392664371919002
4,17,4.8111605915271225
4,18,4.798145417813869
4,19,4.464125829860979
4,20,6.7968558566252435
4,21,6.478129721112791
4,22,6.060414835501508
4,23,3.640169470903749
4,24,5.032143259525761
4,25,4.918597306036326
4,26,5.674632586780443
4,27,6.1243089812388485
4,28,4.639080754844883
4,29,6.637949393416516
4,30,6.240960193363923
4,31,4.729008154672535
4,32,5.609012666340538
4,33,5.358734130273829
4,34,6.773154328358389
4,35,5.1917707763811585
4,36,5.105920010458682
4,37,5.543137584457186
4,38,5.86777543679665
4,39,6.571682445840301
4,40,6.470792871383836
4,41,5.607300338849891
4,42,7.180034510341714
4,43,7.10975201890068
4,44,7.874223588906947
4,45,4.94030708199956
4,46,6.494961252392152
4,47,5.126532134971314
4,48,5.863027833507082
4,49,6.288974478533569
5,0,6.58954766589866
5,1,6.651021465176465
5,2,6.663290854300077
5,3,7.239544788770948
5,4,6.134751394814192
5,5,7.086098816250257
5,6,5.768916557396404
5,7,8.455930199893642
5,8,6.267036785614202
5,9,6.843828625180814
5,10,6.668252001102183
5,11,7.986200546183806
5,12,5.437538730631325
5,13,7.57678809753917
5,14,6.555047513659035
5,15,6.348218107959553
5,16,6.246454216025119
5,17,6.67574552391607
5,18,5.235649416255998
5,19,5.517042101632022
5,20,6.379576686824085
5,21,7.118444749865871
5,22,7.327879796559154
5,23,5.119885122377225
5,24,6.729360805798259
5,25,7.918024893066489
5,26,5.501678933588334
5,27,6.173912011668717
5,28,7.246842420040477
5,29,6.49001334134554
5,30,8.361759738230068
5,31,6.246781751611889
5,32,7.254216413591842
5,33,5.926514550986905
5,34,7.042049292261829
5,35,7.6244886057532835
5,36,4.85031278871503
5,37,6.026640730421947
5,38,8.16731501725785
5,39,6.377239936825355
5,40,6.251344495048198
5,41,7.767817707343653
5,42,7.402711933226705
5,43,4.517961530593837
5,44,7.620909420396239
5,45,5.9456775352838305
5,46,7.007164748203924
5,47,6.097369733277706
5,48,7.641530441093239
5,49,5.706806571865088
6,0,4.500547170739287
6,1,6.844772855662857
6,2,4.194522356797357
6,3,5.873623584858779
6,4,6.692514123638061
6,5,5.211774193818149
6,6,4.5068148924722875
6,7,6.792449410346522
6,8,7.660414810048932
6,9,7.728323000981867
6,10,5.978449642092214
6,11,8.076645369045588
6,12,8.005619694582627
6,13,5.099318582729064
6,14,6.552082931658736
6,15,5.977373573449563
6,16,3.539430062888199
6,17,6.59877252124663
6,18,5.932381498516221
6,19,8.48231920472051
6,20,3.370420415595489
6,21,4.3083292490008365
6,22,5.312459319362413
6,23,4.243783801358463
6,24,5.226835194874003
6,25,6.660547275820416
6,26,6.094192908504498
6,27,5.307174161648684
6,28,7.1250431288907
6,29,3.718909668204482
6,30,5.94791352981294
6,31,6.3410806945364975
6,32,5.657682762080986
6,33,7.418529929227245
6,34,4.660666138463039
6,35,7.909430348702237
6,36,7.561473778848343
6,37,5.262999439847037
6,38,5.895634355884481
6,39,6.510220748320927
6,40,5.440755176184346
6,41,6.623876944929847
6,42,5.65352409042564
6,43,5.435782568680642
6,44,6.014118408370106
6,45,8.065052930711772
6,46,5.657829792832029
6,47,6.986275643720816
6,48,5.0186396491104235
6,49,5.331277095275038
7,0,1.6079030162935588
7,1,3.0839367228186996
7,2,6.95509519948638
7,3,6.474065185618603
7,4,3.0626707270678724
7,5,2.0566605198686343
7,6,0.031456286118531906
7,7,3.4940142430091248
7,8,0.0
7,9,5.8466799742226065
7,10,3.7715189900328454
7,11,0.0
7,12,2.387967431841397
7,13,4.057602508945318
7,14,0.568598897233235
7,15,0.0
7,16,4.682658874489759
7,17,2.4463917211466217
7,18,0.0
7,19,2.4687797772628715
7,20,4.155391099546569
7,21,4.778913987434618
7,22,2.7398891522015125
7,23,2.127925127660781
7,24,4.358186135779808
7,25,5.745041597975304
7,26,0.0
7,27,1.9149997119206699
7,28,3.04483436980388
7,29,0.0
7,30,4.164678868893432
7,31,3.927753034975412
7,32,5.7125723851007795
7,33,2.315335712112568
7,34,1.8164380970508294
7,35,4.328599549496239
7,36,2.760823754054673
7,37,3.797853187201067
7,38,5.169453337645318
7,39,1.8293221259888846
7,40,2.0735666419886236
7,41,0.2970852123703196
7,42,4.814805946469055
7,43,0.4002211814932348
7,44,0.0
7,45,3.097930147090114
7,46,0.6052333660616256
7,47,0.0
7,48,3.000572417946743
7,49,4.327469557850325
8,0,2.470390128808826
8,1,0.0
8,2,0.0
8,3,0.0
8,4,0.0
8,5,0.0
8,6,0.0
8,7,0.0
8,8,0.0
8,9,0.0
8,10,0.0
8,11,0.0
8,12,1.79040338311275
8,13,0.0
8,14,0.0
8,15,0.0
8,16,0.0
8,17,0.0
8,18,1.5582344621367277
8,19,1.6427180790776408
8,20,0.0
8,21,1.6984322633511084
8,22,0.0
8,23,6.2025815892914595
8,24,0.0
8,25,0.0
8,26,1.0834846504716396
8,27,0.6918704272242859
8,28,0.0
8,29,0.0
8,30,0.0
8,31,0.5076647635935991
8,32,0.0
8,33,0.0
8,34,0.0
8,35,0.0
8,36,0.0
8,37,0.0
8,38,0.026794300126883996
8,39,1.1361021805218439
8,40,0.0
8,41,0.0
8,42,0.8505505001692519
8,43,0.0
8,44,0.0
8,45,0.023120731520808846
8,46,0.0
8,47,0.0
8,48,0.0
8,49,0.0
9,0,0.0
9,1,3.7127593440919684
9,2,7.763996309506638e-05
9,3,0.0
9,4,5.967572739724243
9,5,6.092011932325008
9,6,2.7750220928823968
9,7,2.7739816891534854
9,8,1.1421556847837362
9,9,0.8122016018730989
9,10,2.3096003107959593
9,11,1.2340487355529302
9,12,7.080075917399969
9,13,3.5492036835412257
9,14,3.920431661671566
9,15,1.2596985713690785
9,16,0.4492450610214984
9,17,0.0
9,18,4.543635919133501
9,19,6.409244053058568
9,20,6.7494974682237
9,21,0.0
9,22,7.3947086413590455
9,23,5.375946870187015
9,24,5.057071197288999
9,25,0.7873235457361663
9,26,2.452451011952565
9,27,0.5362023172144994
9,28,2.963207549917266
9,29,5.144937434821697
9,30,4.4780334343482355
9,31,6.799196168577582
9,32,2.933792507951174
9,33,2.1615414938351787
9,34,5.834823594644859
9,35,6.592260416426231
9,36,1.2769491227116827
9,37,0.0
9,38,4.744227184771667
9,39,6.873420693703444
9,40,4.584513446629634
9,41,1.8980599441210568
9,42,3.981396630149961
9,43,2.9096881342257213
9,44,6.901870525570385
9,45,3.86174572106592
9,46,7.6138395759127615
9,47,1.3796564987464741
9,48,3.194499736710882
9,49,5.562675428337219
10,0,6.505160149424093
10,1,8.583252628010186
10,2,7.401040828015088
10,3,6.811112421729222
10,4,6.830897948256842
10,5,6.34463853112044
10,6,8.093550743462183
10,7,6.813323509666921
10,8,6.882062781533205
10,9,8.216764301920769
10,10,5.059586830584037
10,11,6.729910081480357
10,12,7.206214528133768
10,13,7.038374801781254
10,14,6.407636301348653
10,15,7.10640830090278
10,16,5.059301938312457
10,17,7.108713189898288
10,18,6.5295612660124975
10,19,8.028420490208541
10,20,7.20297932212448
10,21,5.143381425015284
10,22,6.462626510025684
10,23,6.657404213095092
10,24,7.552809051178233
10,25,6.546111840405542
10,26,4.382658507860976
10,27,6.2648337799229274
10,28,7.2258627141058085
10,29,5.166904250397326
10,30,7.4270957382478064
10,31,5.009316446015882
10,32,6.416399752170122
10,33,6.446516528916761
10,34,6.549284439662792
10,35,6.501227698101619
10,36,6.440444734970216
10,37,6.244471009430221
10,38,7.187365955980486
10,39,4.792675890668672
10,40,8.064042317753454
10,41,5.575542159404933
10,42,6.911992607729288
10,43,8.119604506488686
10,44,6.008459436347777
10,45,6.712673676077133
10,46,6.8455716693351825
10,47,6.687263438503018
10,48,5.982825099139385
10,49,6.761473698003472
11,0,5.909344662285565
11,1,5.468762885728002
11,2,6.775279530755791
11,3,6.901237136868078
11,4,8.296275226465418
11,5,6.55014267842961
11,6,5.458382591432198
11,7,7.229817940799919
11,8,5.778436477222924
11,9,5.311731014649286
11,10,6.301005849448934
11,11,5.672523966742294
11,12,7.084502992805325
11,13,4.288967233954958
11,14,5.992866822294417
11,15,7.019533371038514
11,16,6.915776499452527
11,17,5.516220389378265
11,18,5.801136227228395
11,19,7.452364664833253
11,20,7.20647703551867
11,21,5.959070974523471
11,22,5.321378278376993
11,23,5.449554754232134
11,24,5.715052743376632
11,25,6.347985478890435
11,26,7.98006554798046
11,27,7.892622403207383
11,28,4.748595354346343
11,29,4.3890396637689175
11,30,6.386856036145089
11,31,4.787507783251383
11,32,6.142328978747598
11,33,7.102423354630377
11,34,6.646693094056149
11,35,3.428635544590093
11,36,8.415494169024244
11,37,3.9450946040903743
11,38,7.9685525820694405
11,39,6.85207109948884
11,40,4.346215950931274
11,41,5.878056960126914
11,42,6.964867262271324
11,43,5.537533258512399
11,44,5.570579467666685
11,45,6.1162261441166565
11,46,7.278340007879776
11,47,7.948987873785358
11,48,8.267879686567776
11,49,6.741119034735656
12,0,6.001681865792435
12,1,5.991489360779683
12,2,6.048952686270374
12,3,6.747504900985109
12,4,7.0320059370998935
12,5,4.262685603018733
12,6,3.9938038205216504
12,7,5.028215220720625
12,8,7.425404517054832
12,9,5.62853889417802
12,10,0.44875703781369225
12,11,4.477739370417277
12,12,5.487509111765649
12,13,4.933582890562138
12,14,5.831653166667187
12,15,5.017584972915756
12,16,5.675453833861492
12,17,6.833669084150788
12,18,7.17235019183449
12,19,5.407527979693171
12,20,6.163719232157021
12,21,7.101849300114014
12,22,6.661247333636666
12,23,5.79723929308814
12,24,5.048229648539923
12,25,5.018468180517448
12,26,7.795291305947526
12,27,2.531114075379321
12,28,7.155734716962054
12,29,7.266800209642566
12,30,4.946134747083539
12,31,3.8579810109329937
12,32,6.7336903422600205
12,33,4.829961579949559
12,34,6.144428122987257
12,35,1.8700743584634196
12,36,1.5384869076806709
12,37,5.7653978132304395
12,38,5.107982568868219
12,39,5.250065651213794
12,40,2.4822952072319318
12,41,6.432608104706772
12,42,4.799598928233876
12,43,5.110218051666349
12,44,6.38686919899244
12,45,6.165274673521454
12,46,5.124946323503031
12,47,3.557786144824952
12,48,1.6346538986666044
12,49,6.728906530653015
13,0,3.669558592269558
13,1,7.184894345694292
13,2,3.405321533545984
13,3,4.037783616354968
13,4,7.247180642309862
13,5,5.275271663952157
13,6,3.6535757785929803
13,7,5.178095483123432
13,8,0.7907628029510079
13,9,4.884019175528351
13,10,4.831562307350504
13,11,5.35576234699403
13,12,2.2235719110265526
13,13,4.742338394871403
13,14,6.908601562278459
13,15,4.549891557463365
13,16,4.440459759056101
13,17,6.598563043018431
13,18,6.027695528787575
13,19,6.182211359273859
13,20,4.20847671032178
13,21,3.8095661636803726
13,22,2.2462063883550654
13,23,7.290083807941617
13,24,6.747702650942461
13,25,5.50324862205166
13,26,3.79539267499497
13,27,5.6455448936106825
13,28,5.280879930624788
13,29,2.095471894263853
13,30,4.517609174295496
13,31,3.5171606599493614
13,32,7.853995748036912
13,33,4.813771600733043
13,34,4.782480914830678
13,35,5.045745124220641
13,36,6.290317239855405
13,37,2.743788211850995
13,38,3.686339737537966
13,39,6.078752414209311
13,40,6.295207183533648
13,41,0.06440959542882752
13,42,0.26143940363108165
13,43,4.129889325197072
13,44,3.9299526595702527
13,45,4.975739253458008
13,46,3.725490496837515
13,47,6.05878882557867
13,48,3.2233170577478285
13,49,1.0871198078781141
14,0,6.62679201995936
14,1,4.332933609877334
14,2,4.988339800493131
14,3,6.784314955523863
14,4,5.73641841703844
14,5,2.387499185488979
14,6,5.356091751288061
14,7,5.179620919022597
14,8,6.414407896930663
14,9,4.355477132434487
14,10,2.0323977659052517
14,11,5.184843110298923
14,12,5.961782982678252
14,13,4.7768277039196345
14,14,6.019546099879861
14,15,3.6727719918816915
14,16,4.798738476515661
14,17,7.617332656092778
14,18,4.976818708918518
14,19,5.609364446869441
14,20,4.376706697933716
14,21,4.521430639429493
14,22,3.8830980150428154
14,23,4.755882273728873
14,24,5.898083874587182
14,25,4.101816562774174
14,26,6.636694856654891
14,27,4.504434419207762
14,28,4.586952809535228
14,29,6.62320584341477
14,30,3.6540444162805628
14,31,6.681688778373724
14,32,4.400246080536671
14,33,6.8925382816112615
14,34,6.483295796887327
14,35,2.2256396590527974
14,36,6.298774402322997
14,37,2.61781209062179
14,38,3.1537957315784517
14,39,3.927997415566863
14,40,3.5506665055979836
14,41,3.4930989118811517
14,42,5.218389514100761
14,43,7.167243833369875
14,44,4.6658106809467785
14,45,4.423951859529187
14,46,2.4193325446700484
14,47,7.097693842644063
14,48,6.415778702135516
14,49,4.064971249177476
15,0,6.081897236484069
15,1,3.1082979430246365
15,2,6.962722513287913
15,3,5.153523833393686
15,4,4.285083176075652
15,5,8.036288119157106
15,6,3.727193306095078
15,7,3.2583237477688884
15,8,5.053605182094718
15,9,4.472096152100526
15,10,5.970078868781553
15,11,3.7639109989847066
15,12,6.484660161013801
15,13,3.872852387648946
15,14,6.217726489950984
15,15,6.371511657713739
15,16,5.077350313452598
15,17,6.108259111494732
15,18,6.684470620750262
15,19,4.518224013459786
15,20,4.492651322634621
15,21,6.385465739902877
15,22,8.115254119891029
15,23,4.824981273006449
15,24,3.40624541460652
15,25,5.185955132657673
15,26,5.527410934457408
15,27,3.9659668897393168
15,28,6.147037816665669
15,29,5.412303890965002
15,30,6.073674522869163
15,31,4.341909510700699
15,32,5.722629885426003
15,33,1.6971914814395177
15,34,5.0074369034867345
15,35,4.469821484185409
15,36,5.371411845247885
15,37,5.381787078814381
15,38,5.3457171806724215
15,39,3.105027766782844
15,40,6.518074022581356
15,41,5.871584522035735
15,42,6.621737315943053
15,43,6.797079558206788
15,44,6.99456096116
15,45,4.738939379271615
15,46,5.443222689892262
15,47,4.515961918263188
15,48,7.128598687001668
15,49,5.8427122779346545
16,0,4.470887058875697
16,1,4.8056049169154145
16,2,4.0405501040235325
16,3,4.476325500908258
16,4,5.836588514375093
16,5,7.547463626920811
16,6,4.693936223109639
16,7,4.408189817615906
16,8,5.087427356276287
16,9,1.8870803140415742
16,10,5.862632902647248
16,11,3.8557319985660374
16,12,3.587223010791921
16,13,1.6850640163755486
16,14,6.40485026529154
16,15,6.230719966608651
16,16,6.5857831037739105
16,17,2.8038692745516967
16,18,5.792028979690846
16,19,6.387518761809468
16,20,3.149522839589613
16,21,7.003081708449688
16,22,2.574606791005561
16,23,7.170849296313011
16,24,3.4854402096997568
16,25,5.142395447668979
16,26,5.005483799352394
16,27,4.428310336967982
16,28,5.348125874119807
16,29,4.592926165159818
16,30,5.931807864091733
16,31,5.167934699082294
16,32,6.316256289346547
16,33,1.3575071821183347
16,34,3.072937896017618
16,35,5.967480826219653
16,36,4.3464531696667486
16,37,5.434984956197704
16,38,2.9396849844167097
16,39,5.767921352910095
16,40,5.401268953493149
16,41,5.615468979258379
16,42,4.729968531728682
16,43,5.43611760564634
16,44,3.2025493469734556
16,45,6.055597231761891
16,46,4.839347076201557
16,47,6.064250684282862
16,48,4.675093367175699
16,49,4.372217947417948
17,0,1.8864130095958949
17,1,2.54083481044516
17,2,2.3364924531862314
17,3,4.621332624189439
17,4,0.3429679026803196
17,5,1.2643658319747875
17,6,0.9200028504166013
17,7,2.1715473034500077
17,8,1.0048434955818646
17,9,5.512979645043772
17,10,1.5421579909676062
17,11,4.9421211376973435
17,12,2.756166939763683
17,13,0.9648042218396142
17,14,4.441241775314846
17,15,1.8878675446160802
17,16,2.1639519904869235
17,17,4.6054511699038585
17,18,0.974898630542425
17,19,4.9627894479055
17,20,5.093419919791774
17,21,2.0991167028517586
17,22,2.758560869041581
17,23,4.998058304314876
17,24,2.065216574538143
17,25,0.6628552294527719
17,26,3.887414528675727
17,27,1.4431750479275056
17,28,3.09533876670611
17,29,1.039062628224876
17,30,2.982257432500697
17,31,0.0
17,32,1.9871912232369997
17,33,3.305002964178126
17,34,4.361000336003946
17,35,2.866876663082971
17,36,0.0
17,37,4.409147630483169
17,38,1.425198511198829
17,39,0.0
17,40,0.0
17,41,2.2303974459473412
17,42,0.8480199864684863
17,43,2.0337549275188387
17,44,3.161522055622231
17,45,2.9968896754288092
17,46,0.0
17,47,4.889626989116626
17,48,2.734159733207038
17,49,2.696335016083758
18,0,6.5392008198912555
18,1,3.3854447221777324
18,2,5.996773136749587
18,3,7.292611001567833
18,4,5.9956923871336985
18,5,6.50420615833964
18,6,6.108018240087407
18,7,7.011568586469681
18,8,5.6752914844093905
18,9,6.398238573764729
18,10,5.58677831322089
18,11,6.944142663901169
18,12,4.874049189713421
18,13,8.069887869393622
18,14,5.116158940067599
18,15,5.8663824821899695
18,16,6.0016462317736785
18,17,7.6288748065807095
18,18,7.820793782925858
18,19,6.327884281925773
18,20,7.725154438921384
18,21,4.769884699257439
18,22,5.4389296707271955
18,23,4.795728184507703
18,24,6.906338419866892
18,25,7.024941936873988
18,26,5.724309603517773
18,27,4.770355370628918
18,28,7.0894082175433155
18,29,6.755171649028312
18,30,6.419009694327299
18,31,7.068600614866457
18,32,6.768423768777671
18,33,7.894685953269813
18,34,6.521051956999406
18,35,5.627350801212186
18,36,6.779068881962892
18,37,6.867145575505839
18,38,7.149565997259138
18,39,7.504268923664858
18,40,6.412902677757227
18,41,5.349639119734105
18,42,5.844236828323974
18,43,5.745096070055275
18,44,6.123546298440254
18,45,6.491439945335802
18,46,7.195331419448257
18,47,5.3340041003603424
18,48,7.34589067197323
18,49,5.265171472485378
19,0,7.079716729575911
19,1,4.638154767846596
19,2,5.373965888295885
19,3,5.566495707000538
19,4,3.812373818273814
19,5,5.925869961647777
19,6,3.8416290678037353
19,7,6.285383364953247
19,8,6.832652667065735
19,9,5.413973948097924
19,10,4.848945675680778
19,11,4.759145481900887
19,12,6.619474142441641
19,13,5.190641746015201
19,14,6.3909675593158255
19,15,5.985946822171957
19,16,7.508550200532406
19,17,4.558644444819565
19,18,7.921112842296981
19,19,4.309483001846034
19,20,5.46677374868439
19,21,4.271152289136921
19,22,4.5214629925225704
19,23,6.843858198803755
19,24,6.883167550897974
19,25,7.197192973335223
19,26,5.31420174327342
19,27,4.6363446619922914
19,28,5.074188681604825
19,29,8.06168381238825
19,30,6.208798274977339
19,31,7.765137691813246
19,32,5.419832081080529
19,33,6.27740517702502
19,34,6.2211748292111935
19,35,2.667492928600259
19,36,4.797254095646032
19,37,2.5721377296199233
19,38,7.281243822696171
19,39,5.7228104157055695
19,40,6.32891426620806
19,41,5.689458804689601
19,42,7.424811243326463
19,43,7.377407542996488
19,44,5.055206481333445
19,45,7.4170780135015555
19,46,6.56953250609773
19,47,5.709785278072561
19,48,6.878429594242206
19,49,3.537004132589706
20,0,6.256015616599624
20,1,6.559442516320856
20,2,7.3962512777553515
20,3,6.198440318433292
20,4,6.6966651019458165
20,5,5.456340500744712
20,6,4.24767405624872
20,7,7.138709282672412
20,8,5.69309666519115
20,9,3.992894691975188
20,10,3.844690691624743
20,11,6.097724292304049
20,12,6.463024773975718
20,13,4.75597077883915
20,14,5.07748057365992
20,15,8.258621873613006
20,16,4.528167436000423
20,17,4.429177500679643
20,18,6.41608868232385
20,19,6.272034046283377
20,20,8.348726649375156
20,21,4.96812390076756
20,22,5.744078222839621
20,23,3.449490283006128
20,24,7.075879825104909
20,25,5.60651197916098
20,26,7.8538395185260335
20,27,5.105913115613612
20,28,4.932974086285334
20,29,3.0401493166069447
20,30,8.883853036855685
20,31,3.9903065907178226
20,32,5.461928720293264
20,33,4.606881695842033
20,34,6.643876179828061
20,35,6.221894664939026
20,36,6.0972633546134265
20,37,5.983892186433872
20,38,1.1994899598534037
20,39,5.914754206713063
20,40,6.933037932727007
20,41,5.2757607435425005
20,42,4.570761940370435
20,43,5.320775942775579
20,44,4.86723171283511
20,45,3.773290964454798
20,46,7.867440940521085
20,47,6.294420872385373
20,48,6.869611965793375
20,49,4.533813312875848
21,0,6.030878400096109
21,1,5.432816853205093
21,2,6.383774347542844
21,3,5.460046946079686
21,4,6.077542743537311
21,5,4.3629535841003095
21,6,6.464930457128707
21,7,4.897900813235139
21,8,4.966562882213869
21,9,6.293242873788639
21,10,5.531134269819015
21,11,5.222713991074715
21,12,5.041491209302505
21,13,3.507617324140294
21,14,4.584341446825238
21,15,6.95415040890227
21,16,5.370763889742775
21,17,6.132076997746699
21,18,6.51862519038
21,19,7.991693688345467
21,20,5.877706864220342
21,21,3.505951233321359
21,22,5.436871532355107
21,23,4.714463639835529
21,24,6.598460346029359
21,25,7.180765838872265
21,26,3.92420623317851
21,27,6.19183717002716
21,28,3.0395012744405516
21,29,3.5795705782321194
21,30,5.008359837818451
21,31,2.7147835928997113
21,32,5.53072450060024
21,33,5.622557065001358
21,34,1.9593296650533514
21,35,6.353533175126963
21,36,6.090633580048252
21,37,4.46725217649933
21,38,3.2925549344338387
21,39,3.028116015372852
21,40,5.533932018961246
21,41,3.200813038234375
21,42,3.8953058512229033
21,43,4.969596428555163
21,44,5.736560453232121
21,45,5.966744638607806
21,46,4.752820742230341
21,47,6.65320262283374
21,48,3.971511309953552
21,49,3.7231140913431657
22,0,5.692545889118408
22,1,6.075298193198128
22,2,6.962666336757497
22,3,8.762230312026153
22,4,4.834388435353531
22,5,6.7108809756102605
22,6,7.926773743449763
22,7,4.880854022966109
22,8,7.274001626528563
22,9,5.432015040656596
22,10,7.440413433737156
22,11,5.67289917718635
22,12,6.222795266440938
22,13,4.883829849327873
22,14,6.559227795395037
22,15,5.209241005845515
22,16,7.413020155060524
22,17,6.728273147330309
22,18,5.170257499612953
22,19,3.0453491673163775
22,20,7.801160956720911
22,21,4.9606154640955875
22,22,3.954155874890403
22,23,6.241443403474616
22,24,6.070940254697937
22,25,5.770495895595735
22,26,5.964590268408502
22,27,6.366240169571643
22,28,5.062471717819143
22,29,6.660602653871903
22,30,5.9012142266051
22,31,3.582127630868351
22,32,7.160319052288406
22,33,7.399921706941402
22,34,4.11093312403872
22,35,5.014166424149175
22,36,5.080400566870309
22,37,4.2123399045665995
22,38,6.694370244324119
22,39,3.374312060035809
22,40,7.763641723027677
22,41,3.6476418886177795
22,42,7.69948848857176
22,43,8.20326996342839
22,44,5.105125466480568
22,45,5.983154294668312
22,46,6.784755231300485
22,47,8.223604094571636
22,48,8.05204229641132
22,49,4.295695297670047
23,0,4.097732539185755
23,1,6.029027559859992
23,2,3.980561923652064
23,3,2.700905308347471
23,4,5.100315685279904
23,5,4.924429229087926
23,6,8.127220792252213
23,7,3.8758484590294877
23,8,6.433333206439647
23,9,4.477034874939409
23,10,5.884696387067109
23,11,5.676210770418938
23,12,3.61564428566183
23,13,2.6726920065055335
23,14,6.126026198144343
23,15,6.791782792732477
23,16,5.419585890605189
23,17,6.756604597228013
23,18,4.659981774385795
23,19,4.960914127172309
23,20,3.8968572249297315
23,21,8.610388048622491
23,22,6.54094969605322
23,23,6.142186267229556
23,24,5.459892492255224
23,25,5.071110523900211
23,26,2.601485770875107
23,27,6.802124791178256
23,28,5.470088939800924
23,29,3.9388334058632353
23,30,5.474216055742159
23,31,5.105385321187542
23,32,8.482774639444033
23,33,6.013925480552134
23,34,5.820004814843048
23,35,4.425089695088381
23,36,4.6123351672404755
23,37,4.21367944168192
23,38,6.330810008204711
23,39,7.6338556304401886
23,40,4.726904942666772
23,41,5.399036658104862
23,42,6.539591051595253
23,43,6.4393634967110644
23,44,4.772155440490008
23,45,4.705040050895686
23,46,7.17997716700228
23,47,4.135847280980683
23,48,7.034053814946226
23,49,4.526077924524721
24,0,4.528150643031442
24,1,4.705249307172695
24,2,5.692190675747767
24,3,5.8438801298004135
24,4,4.796869775060691
24,5,7.749996954384007
24,6,3.3335686664552613
24,7,6.906380062208581
24,8,6.652732016109795
24,9,6.732511901441008
24,10,4.230707854778229
24,11,4.285359674189896
24,12,5.368533808829897
24,13,7.537871292614419
24,14,8.14036498850678
24,15,6.026371377623197
24,16,5.166611810417198
24,17,7.651661127422615
24,18,6.230312121978812
24,19,6.10490932884276
24,20,6.308468089126392
24,21,7.41018868893099
24,22,3.562184789315264
24,23,1.860022225632198
24,24,3.835962885919858
24,25,4.865245166784047
24,26,7.250632345122319
24,27,8.609121094809742
24,28,5.877949451926749
24,29,2.4906916201295566
24,30,4.97676739680421
24,31,4.512891712788588
24,32,4.6161117152490405
24,33,5.524631117972039
24,34,6.72211474519852
24,35,7.679240777486301
24,36,5.46857531131688
24,37,5.182834066347049
24,38,6.403621248238651
24,39,6.388189365760105
24,40,4.0448861390368425
24,41,2.072697068472813
24,42,7.355476562631113
24,43,6.548946304566397
24,44,5.381534594231742
24,45,6.7028876699775
24,46,4.246812976921617
24,47,7.504334971426338
24,48,4.567487606887612
24,49,7.800043319012957
25,0,3.880933247999204
25,1,7.028245144569901
25,2,7.158693070620041
25,3,6.6295776868505385
25,4,6.247818558278031
25,5,5.425437390807629
25,6,5.718162233934617
25,7,6.771418044974489
25,8,8.312834271720709
25,9,7.763651785837643
25,10,6.591640278112354
25,11,5.765979718426647
25,12,6.626863246118777
25,13,7.697298545196128
25,14,6.0974620660496965
25,15,6.612712034225109
25,16,6.307627706446896
25,17,5.474668100939955
25,18,3.7630698464465206
25,19,5.3595873023494836
25,20,8.463446827547493
25,21,5.755482404105329
25,22,6.306470759367306
25,23,4.710088082324612
25,24,6.4247442412223865
25,25,6.469117832572972
25,26,7.447210263284596
25,27,6.166571385228335
25,28,6.610599025842177
25,29,6.157593421804382
25,30,8.06590482811345
25,31,6.749124109123039
25,32,7.797446606538034
25,33,6.024749796820389
25,34,5.347764053385236
25,35,8.717445891374618
25,36,5.888618635786318
25,37,6.707244136468704
25,38,9.125589116115178
25,39,6.398375722643839
25,40,5.997009224341673
25,41,5.632640788258258
25,42,6.725442743594565
25,43,6.304595313737671
25,44,6.845915150940251
25,45,6.061273176604076
25,46,7.696814278625052
25,47,6.404404143211244
25,48,5.821716331942724
25,49,6.96933660857375
26,0,5.996482988524202
26,1,7.291316934468602
26,2,5.149215780992448
26,3,4.106195775865079
26,4,7.180608787828028
26,5,6.676187475334723
26,6,7.053970240618887
26,7,8.440768143598767
26,8,6.855168951673489
26,9,5.581887138925867
26,10,8.076872142359088
26,11,8.42639562413768
26,12,5.557614892343576
26,13,6.766511448920891
26,14,7.196078871881824
26,15,5.463104060170839
26,16,4.782849659495137
26,17,7.078492757959109
26,18,5.585895690222248
26,19,6.692428940936775
26,20,8.179468826696924
26,21,6.413207928979542
26,22,6.797980279749191
26,23,6.272276574533154
26,24,8.17168964077868
26,25,7.345905245875541
26,26,7.652409305946236
26,27,5.404284510060457
26,28,7.964137169252984
26,29,7.006198568189167
26,30,6.392211228712226
26,31,6.331870953335177
26,32,4.531026257307923
26,33,6.473641008809876
26,34,6.182018913601832
26,35,6.261264877339142
26,36,5.442305878911558
26,37,7.276173228021233
26,38,5.739031172329939
26,39,6.0233804886817905
26,40,6.934755445861251
26,41,6.6878604314928385
26,42,7.918572914206547
26,43,6.567027924885059
26,44,6.565778446811445
26,45,6.105275329162547
26,46,6.76061845403088
26,47,7.378877491547593
26,48,4.584138441818029
26,49,6.554255530271149
27,0,4.863021006818472
27,1,5.329838401025846
27,2,5.216607478368638
27,3,6.846398601048653
27,4,6.7901580361531275
27,5,7.496603466951082
27,6,5.0085533393506285
27,7,5.004876171215374
27,8,4.618925363657656
27,9,6.050612751673787
27,10,7.680893651996636
27,11,7.3723591025667154
27,12,5.377890357209813
27,13,6.984342146826073
27,14,6.599486108117841
27,15,6.769007991997653
27,16,7.648731577008519
27,17,4.7972068326865
27,18,7.936782671162812
27,19,8.691795283902911
27,20,7.560148256645914
27,21,8.133116693211607
27,22,7.513585401708463
27,23,6.76094122833894
27,24,5.006608621372091
27,25,7.63542738703203
27,26,6.1797475663200725
27,27,6.118726441429798
27,28,6.647492328563702
27,29,5.544835889324473
27,30,7.514705910969077
27,31,7.004374209188962
27,32,6.877402834086125
27,33,5.247536742057339
27,34,5.9472181679304805
27,35,6.697653301326601
27,36,7.382435468318059
27,37,3.7267148444597664
27,38,7.453235985145601
27,39,5.285756251259695
27,40,7.7136007408493015
27,41,4.745925212567607
27,42,5.953190430670478
27,43,4.519231716605909
27,44,7.825233046481914
27,45,6.247403067418638
27,46,6.22574370113032
27,47,6.541206987811112
27,48,5.36685222821122
27,49,7.085155842674271
28,0,5.006232280149424
28,1,5.696410205863615
28,2,4.71164888417407
28,3,5.208279671474452
28,4,6.276165204812789
28,5,6.135386521988149
28,6,6.773304635662997
28,7,6.36638769924935
28,8,6.474625147960223
28,9,7.040866197008665
28,10,7.543845892249111
28,11,7.061720138915132
28,12,7.525712903215334
28,13,6.699948634042192
28,14,7.0840269772322575
28,15,6.34870271305169
28,16,6.0300943016539374
28,17,7.346691328877323
28,18,5.30124471150505
28,19,5.0974438849791674
28,20,7.945384116729394
28,21,8.384743487193655
28,22,4.943775082034484
28,23,7.017165210052623
28,24,6.033365790520191
28,25,6.383883719702048
28,26,5.949888768796999
28,27,7.115133624169744
28,28,6.78668520772446
28,29,4.96999250415426
28,30,5.796606181379356
28,31,7.418865768513205
28,32,6.139070387384516
28,33,6.697822017677012
28,34,5.524202281405704
28,35,6.126639592117085
28,36,7.747647339138658
28,37,6.644463267584782
28,38,7.222085128360257
28,39,5.852101229238542
28,40,6.056754700633549
28,41,7.141736170280828
28,42,5.613685161365142
28,43,3.9277568549009443
28,44,5.576692326711754
28,45,6.0992933227980615
28,46,8.76376736225369
28,47,8.338601158672537
28,48,6.133372092281759
28,49,7.4513295049007
29,0,5.899900168707927
29,1,4.598001847719314
29,2,8.17713428565707
29,3,8.342300786586044
29,4,6.646942360939787
29,5,5.847705266713305
29,6,7.466315937331357
29,7,5.727773689571141
29,8,5.906010295582834
29,9,5.926981671211977
29,10,6.626889786197693
29,11,7.185048729498828
29,12,4.57113891136531
29,13,5.615188951631066
29,14,7.185269633736699
29,15,4.1628179971901496
29,16,7.72324839012709
29,17,5.871810971686614
29,18,6.873302583747405
29,19,8.178404493834295
29,20,6.8206324382546875
29,21,5.699593515049429
29,22,7.629491383268362
29,23,6.47169112732371
29,24,6.725130793021428
29,25,6.072428968159385
29,26,5.491066210036885
29,27,7.526589456777285
29,28,6.564423592111175
29,29,7.087378530888
29,30,6.736868141051377
29,31,6.574875634929398
29,32,5.091446345447898
29,33,7.72739888006142
29,34,7.4705326020756555
29,35,5.263693741093368
29,36,7.117587508342856
29,37,6.390476595418262
29,38,5.613674434808855
29,39,5.713858984316035
29,40,7.120516982343057
29,41,5.433097426612913
29,42,6.397799578580607
29,43,8.287321391931332
29,44,7.86842691781516
29,45,5.537883607281505
29,46,6.308395729248653
29,47,6.669093117900005
29,48,4.333818854788073
29,49,6.522112413478964
30,0,7.105880802765604
30,1,7.106693545382011
30,2,6.648100664913069
30,3,6.459481739900458
30,4,3.8832067627505262
30,5,4.732947158579113
30,6,6.678814769679458
30,7,6.283263033611494
30,8,6.765347501099003
30,9,6.119216164646612
30,10,6.960128045334805
30,11,7.182596940222252
30,12,6.1500509225246045
30,13,4.828405110183738
30,14,5.646291088361128
30,15,5.6666353232593885
30,16,8.829634654092473
30,17,6.41848403320409
30,18,2.887622129242927
30,19,5.652485427173021
30,20,4.144981989893256
30,21,6.89426712544487
30,22,7.502930451983891
30,23,5.693823242633417
30,24,5.5708369275269
30,25,8.49445300044598
30,26,5.8164747850054574
30,27,9.166746030019478
30,28,5.857419798371136
30,29,7.112765865589674
30,30,2.9629704897958717
30,31,5.500682740913982
30,32,6.55842712351269
30,33,6.438377247489883
30,34,6.2153885611698865
30,35,4.511583548779731
30,36,5.296306098762428
30,37,5.577664557601486
30,38,6.335896996759017
30,39,5.924455009076246
30,40,5.384814146641474
30,41,4.675203815165792
30,42,6.814224022169615
30,43,6.222897169518267
30,44,7.762941926764365
30,45,6.625103925788157
30,46,4.639843639194629
30,47,7.897524117032143
30,48,6.730069384635083
30,49,6.26974093748121
31,0,4.858187299028436
31,1,5.950778062225159
31,2,5.884342730701041
31,3,6.176493664887838
31,4,7.939801973147516
31,5,3.619256917489949
31,6,4.073473165292864
31,7,8.325006267086406
31,8,4.564899102518502
31,9,6.760021895300543
31,10,5.9368141590294785
31,11,5.412237500845441
31,12,7.998387075961887
31,13,7.376769064080192
31,14,6.143086084133476
31,15,5.79069076381634
31,16,5.802678201966296
31,17,6.371200780637608
31,18,7.407873178499283
31,19,6.86896957811043
31,20,3.937470037753985
31,21,7.047350808809515
31,22,5.769093980400848
31,23,5.965034622236968
31,24,5.457909585904148
31,25,6.006129351630831
31,26,5.7930920792431575
31,27,5.155066282316204
31,28,6.535657033552036
31,29,7.625312565548134
31,30,4.910142033621537
31,31,4.955427567304325
31,32,6.700151496816645
31,33,4.714727498571845
31,34,6.098282121853053
31,35,8.107050054551301
31,36,6.1878192704240496
31,37,6.919733586326888
31,38,5.060964877578808
31,39,5.319658740173513
31,40,5.925363979684186
31,41,6.260659089593396
31,42,7.07035616987872
31,43,7.3948718219988505
31,44,4.971358063249221
31,45,4.288245469958182
31,46,5.091111986328491
31,47,6.362143012405446
31,48,6.17543178759353
31,49,2.9655705408258095
32,0,6.0127190314218435
32,1,6.0030676751047025
32,2,6.852113134437373
32,3,7.029752389936983
32,4,6.134502330793877
32,5,5.64375542150903
32,6,6.312418775578664
32,7,6.410815435352504
32,8,5.454385217695014
32,9,7.294907034799217
32,10,6.151019748432315
32,11,5.607831308663373
32,12,6.932651593253485
32,13,7.239311481783164
32,14,6.384095194231364
32,15,7.493478534786556
32,16,6.723340543107386
32,17,7.121205518723347
32,18,4.967647324730313
32,19,7.632102206833426
32,20,5.2624258432605595
32,21,7.445633068965546
32,22,4.457723179974463
32,23,4.937865234289649
32,24,5.285323591143304
32,25,7.013725471663193
32,26,4.0853029650115245
32,27,5.931862534849834
32,28,6.1943264951260115
32,29,4.853132580368874
32,30,5.935376821576481
32,31,5.305151522056297
32,32,6.120781625783298
32,33,4.758879847991377
32,34,7.490469714836138
32,35,6.497501899543387
32,36,5.494285983874017
32,37,5.097475119518846
32,38,5.018398716822302
32,39,6.543796910066059
32,40,5.705146787474999
32,41,4.276016440850316
32,42,6.127727714440118
32,43,6.313875240439516
32,44,7.479682282952366
32,45,6.316915464078772
32,46,7.800134557245869
32,47,6.165213164710032
32,48,6.664336125347303
32,49,7.395290250489124
33,0,7.812027159302474
33,1,7.860541608070601
33,2,5.360573394131353
33,3,7.447031160466938
33,4,5.636700346706113
33,5,5.885457036546001
33,6,6.5794443090581485
33,7,7.398634376299064
33,8,6.378104833481412
33,9,7.518513213937852
33,10,5.9655240145746715
33,11,5.667783251106097
33,12,6.33078557569022
33,13,6.083366943468156
33,14,6.811982662219175
33,15,6.328640710640387
33,16,8.077151210123516
33,17,5.513794979335389
33,18,5.943277678452683
33,19,5.64445942518499
33,20,7.500673793586155
33,21,5.867740038705647
33,22,6.604496369845617
33,23,7.549267857582645
33,24,7.9767069818096505
33,25,7.545463237154229
33,26,5.449300336624641
33,27,7.869259833910817
33,28,6.249390787970594
33,29,8.049930012518935
33,30,4.9427696288340774
33,31,6.14234599363614
33,32,6.509950658106477
33,33,6.020867805081296
33,34,5.787897530935796
33,35,6.1141202630319835
33,36,7.2009261067901935
33,37,5.919852626345527
33,38,4.9706928906473005
33,39,5.226382434246638
33,40,6.47060614594004
33,41,6.135947898049661
33,42,7.229408695391024
33,43,5.590259387883936
33,44,4.430568552718767
33,45,5.5708903901685165
33,46,6.25038066309879
33,47,7.0347440310075005
33,48,6.213041085991787
33,49,5.893603043955923
34,0,8.497039138104654
34,1,8.194735419817352
34,2,5.461422746115316
34,3,6.95281913275379
34,4,6.04169386520206
34,5,5.263422619625623
34,6,6.7116018587033786
34,7,5.071168633811125
34,8,6.45927244189982
34,9,5.9716605530562505
34,10,4.749887067205597
34,11,5.644634959062681
34,12,5.527418013270066
34,13,7.166353616310402
34,14,9.346253736835289
34,15,5.120382009930715
34,16,6.101758864797899
34,17,6.3164090926576115
34,18,6.115656727004129
34,19,6.3691952377016126
34,20,4.964183938173234
34,21,4.897504363482922
34,22,6.637044650302197
34,23,7.5828214844780515
34,24,2.84904021233789
34,25,5.420022964424437
34,26,5.672642484209042
34,27,6.52662516460532
34,28,7.007223900803707
34,29,5.857082966085655
34,30,5.587872834775803
34,31,5.75711275818997
34,32,5.20750429375591
34,33,5.419777695416944
34,34,6.720106963854043
34,35,5.4855365092055575
34,36,6.723865866196933
34,37,7.9619838024566345
34,38,5.926942716329352
34,39,6.529532885686029
34,40,7.174701063599006
34,41,7.110146801394778
34,42,7.472869615828486
34,43,6.957403615193806
34,44,6.081917025221566
34,45,6.19314532499509
34,46,6.346068514774629
34,47,5.062824453905923
34,48,6.298018679572624
34,49,5.468341857123207
35,0,6.714794490831668
35,1,5.41344489395135
35,2,6.960841033210105
35,3,4.703774980611617
35,4,6.813449885981128
35,5,5.749988912437423
35,6,6.078212102570336
35,7,7.434566132412645
35,8,6.7777304301729
35,9,5.200062287885778
35,10,6.6452568374238545
35,11,5.874831561661744
35,12,7.3297503568010685
35,13,6.19789506525386
35,14,6.851885048702434
35,15,6.168154776688146
35,16,6.186003513167287
35,17,7.716989802472973
35,18,6.231083556530179
35,19,6.15083094458967
35,20,6.1915747305883455
35,21,6.802582750324976
35,22,7.010400020009895
35,23,6.141429115381088
35,24,6.709522896804705
35,25,8.094435822452395
35,26,6.420027224217911
35,27,7.1202467763153425
35,28,5.973122195799199
35,29,6.330528469284049
35,30,7.675770561403665
35,31,7.022553774508484
35,32,6.058489927893421
35,33,5.092988375066372
35,34,7.0848895891172585
35,35,6.354015580958588
35,36,8.183279448585516
35,37,6.585864833199434
35,38,5.813699787013567
35,39,8.040095182571239
35,40,5.5595417867995875
35,41,5.6817473734847725
35,42,6.50169532658532
35,43,6.387121117137713
35,44,4.981692071079608
35,45,6.640020426884785
35,46,7.260853582429214
35,47,6.383353514575937
35,48,8.159946814964677
35,49,6.0795791697591826
36,0,8.577012935938477
36,1,8.759160667641012
36,2,8.618626019540317
36,3,9.234339139089165
36,4,8.686691292196898
36,5,9.169762337724435
36,6,9.187819669577955
36,7,9.513243239909185
36,8,8.895731660855173
36,9,9.559593914133863
36,10,9.283454920568117
36,11,9.005912358089992
36,12,8.75328318612766
36,13,8.978004893745428
36,14,9.422324277320467
36,15,9.052323895079956
36,16,7.28473795718569
36,17,9.028521474241353
36,18,7.992332671900791
36,19,8.324550775346275
36,20,8.289963576078165
36,21,9.053808322900354
36,22,8.983692802311564
36,23,8.180125847363026
36,24,8.530303359418385
36,25,9.054240057608718
36,26,8.727645327225117
36,27,8.848044667091218
36,28,7.337891652153099
36,29,8.228334878059947
36,30,9.492661994078617
36,31,8.573893801757677
36,32,9.068605931451142
36,33,8.685304880966546
36,34,9.664179379227505
36,35,9.001638971515035
36,36,9.1884543980647
36,37,9.005579597652387
36,38,9.638787232771646
36,39,8.991840713144462
36,40,7.639207648059127
36,41,7.894356249271208
36,42,9.425919064210516
36,43,9.071818243710515
36,44,8.385992878499616
36,45,9.10061431826541
36,46,8.695774706457136
36,47,9.41359235158507
36,48,8.319540735907811
36,49,9.485609043307957
37,0,7.122790738126659
37,1,7.89642682655952
37,2,8.831164830569936
37,3,8.564745099048745
37,4,7.298568188034682
37,5,6.047319183521327
37,6,7.964408721826276
37,7,4.69564285633024
37,8,7.843289296121779
37,9,6.362373514745556
37,10,8.794402344641899
37,11,8.65703421733042
37,12,8.174648626623444
37,13,4.769875685501516
37,14,4.820026503988305
37,15,4.710025863818833
37,16,6.102451673595233
37,17,8.252452295541273
37,18,9.122012293985238
37,19,8.52216234172719
37,20,9.662685488296404
37,21,3.443789667935583
37,22,1.448285616322945
37,23,8.045298164077803
37,24,7.6429002071299275
37,25,5.556579564705685
37,26,9.90616814685035
37,27,9.528150606579135
37,28,3.873073383429574
37,29,5.8889986082833605
37,30,6.5054835586880095
37,31,6.059519993549892
37,32,5.826829983552473
37,33,7.352759693233546
37,34,8.489184117573258
37,35,6.396350105501458
37,36,6.689168963562636
37,37,6.5613950073899066
37,38,6.084298220309583
37,39,8.835956024475944
37,40,9.932049200514816
37,41,9.700320284235334
37,42,7.186946032651468
37,43,5.589141305679776
37,44,2.9449434840513176
37,45,4.921548001655909
37,46,7.237575824885186
37,47,4.508547419612107
37,48,3.6487246858390527
37,49,9.60232188343244
38,0,7.952203289631882
38,1,6.577948978420299
38,2,3.4256257801456256
38,3,4.225910809424097
38,4,0.25590325726334484
38,5,7.1634956360279975
38,6,6.219449112097202
38,7,5.24785085188834
38,8,5.8958278219432465
38,9,4.369060424129222
38,10,6.881218843547619
38,11,7.864381790813125
38,12,5.975799962235663
38,13,5.306371806003431
38,14,5.100693033920772
38,15,5.1128233187101175
38,16,7.0423086190828155
38,17,6.916776664218431
38,18,5.438798324311362
38,19,6.882030850432571
38,20,5.75229255525737
38,21,6.101988271150582
38,22,5.242991082019903
38,23,6.949060033636421
38,24,5.1062040240017765
38,25,5.64077196542199
38,26,6.249925576337529
38,27,3.270137638002545
38,28,6.20548991680864
38,29,7.949276866493698
38,30,4.384032417020841
38,31,6.632026059827449
38,32,8.528546136199552
38,33,6.222019451639582
38,34,5.989612909910687
38,35,1.7386421573859359
38,36,4.6885187690827195
38,37,3.5548389062669052
38,38,5.512410547138588
38,39,3.693363524259893
38,40,4.955859102611868
38,41,6.40360724546399
38,42,4.222498561996839
38,43,7.060355115448434
38,44,6.028893951203957
38,45,6.007550590511951
38,46,6.467452454017281
38,47,5.935383021693019
38,48,6.201436361049392
38,49,6.010242157605256
39,0,9.93748715163183
39,1,9.936720734773337
39,2,9.796606017858306
39,3,9.53932838285492
39,4,9.722655373891447
39,5,9.962867269092863
39,6,9.711119741738994
39,7,9.901153411102843
39,8,9.791884638318315
39,9,9.950187995289097
39,10,9.638346497100045
39,11,9.966578325929964
39,12,9.909292760885922
39,13,9.744302598598772
39,14,9.863391839142636
39,15,9.981544579513157
39,16,9.937860883381346
39,17,9.874701657813194
39,18,9.749945033556857
39,19,9.841229380837246
39,20,9.76842800842662
39,21,9.679975814732064
39,22,9.59593773343542
39,23,9.787817785493619
39,24,9.747150489368757
39,25,9.91302767260623
39,26,9.98088236953507
39,27,9.906466506181744
39,28,9.911044263017514
39,29,9.869050777804409
39,30,9.804900765018791
39,31,9.920716028831649
39,32,9.646391863846441
39,33,9.847955275663598
39,34,9.511489567945354
39,35,9.907980785666371
39,36,9.788180761782614
39,37,9.963632775190451
39,38,9.440199007191318
39,39,9.922227697661489
39,40,9.868601614991652
39,41,9.949089547591399
39,42,9.2337237392916
39,43,9.700284467186105
39,44,9.82946044919811
39,45,9.959857050095012
39,46,9.917588435269488
39,47,9.626534655329095
39,48,9.87519623883366
39,49,9.666629195961201
40,0,1.9485030950432911
40,1,0.0
40,2,2.6911687216342646
40,3,0.0
40,4,0.0
40,5,0.40870004531076454
40,6,0.0
40,7,0.0
40,8,0.0
40,9,0.0
40,10,0.33120526307330067
40,11,0.0
40,12,0.25080949956148046
40,13,0.0
40,14,0.0
40,15,0.0
40,16,0.0
40,17,0.0
40,18,0.0
40,19,0.0
40,20,0.0
40,21,0.0
40,22,0.0
40,23,0.0
40,24,0.0
40,25,0.0
40,26,0.0
40,27,3.127704768778047
40,28,0.0
40,29,0.0
40,30,0.0
40,31,0.0
40,32,0.0
40,33,0.0
40,34,0.4752653377947489
40,35,0.0
40,36,0.0
40,37,0.07294742206418015
40,38,0.0
40,39,0.0
40,40,0.0
40,41,0.0
40,42,0.0
40,43,1.8996064826388022
40,44,0.0
40,45,0.0
40,46,1.1112885681681242
40,47,0.0
40,48,0.0
40,49,0.0
41,0,9.401581049139095
41,1,9.958195891018518
41,2,9.861946144355343
41,3,9.62943596900886
41,4,9.690240508499675
41,5,9.769591506559783
41,6,9.770732878489762
41,7,9.715975364420217
41,8,9.815470530081265
41,9,8.984639653802764
41,10,9.947658787455802
41,11,9.572853352244891
41,12,9.787494644717203
41,13,9.706961691547766
41,14,9.977819062922837
41,15,9.941686268541917
41,16,9.587696594401782
41,17,9.776192571597162
41,18,9.903367433008079
41,19,9.950307252099467
41,20,9.99174065570711
41,21,9.91221661277091
41,22,9.38695316519016
41,23,9.930261786939289
41,24,9.92075470556068
41,25,9.744172884490377
41,26,9.96757254807428
41,27,9.82541458526667
41,28,9.958549544287187
41,29,9.70745904647923
41,30,9.878083531927997
41,31,9.896227417805012
41,32,9.860817100832067
41,33,9.581024911976172
41,34,9.751470697718576
41,35,9.879960263800001
41,36,9.409966639002747
41,37,9.988166655563509
41,38,9.764919057153325
41,39,9.50506921853208
41,40,9.686276196956396
41,41,9.822407977620102
41,42,9.254305366579267
41,43,9.699217225730616
41,44,9.841733663035338
41,45,9.858409076736846
41,46,9.843732426624326
41,47,9.978377514248086
41,48,9.621625008855766
41,49,9.50263470555094
42,0,9.738704853619515
42,1,9.80396727688662
42,2,9.62278496214688
42,3,9.785965307611303
42,4,9.859048323299566
42,5,9.700017130097798
42,6,9.992434236788158
42,7,9.88388050214428
42,8,9.922098633995427
42,9,9.694462628976822
42,10,9.628580990772038
42,11,9.918632118186034
42,12,9.764037148414303
42,13,9.528830451071576
42,14,9.848719898507813
42,15,9.061060004910228
42,16,9.860328240766245
42,17,9.868437004017752
42,18,9.298902562412215
42,19,9.967691296218279
42,20,9.644123714097272
42,21,9.485856487483668
42,22,9.5027529686859
42,23,9.638117405404207
42,24,9.745952339325429
42,25,9.53518982864267
42,26,9.854610761104093
42,27,9.29717280019372
42,28,9.544787187156256
42,29,9.65744821355901
42,30,9.783128579323511
42,31,9.758689057250038
42,32,9.817078372332084
42,33,9.905691245576147
42,34,9.510733728403533
42,35,9.119588704037552
42,36,9.942464281818319
42,37,9.72863610254394
42,38,9.770887555341728
42,39,9.048714696393416
42,40,9.754662980041715
42,41,9.871837632095858
42,42,9.952053848053923
42,43,9.900622666603777
42,44,9.943560303061485
42,45,9.920194571834463
42,46,9.744374091258173
42,47,9.999892178855657
42,48,9.807168646402895
42,49,9.614611997780152
43,0,8.795989976079946
43,1,9.992284278254427
43,2,9.238952810326317
43,3,9.836876144887583
43,4,9.87344327525212
43,5,9.996563012768107
43,6,9.966408548896018
43,7,9.3713445434555
43,8,9.928472454878483
43,9,9.903192243957912
43,10,9.238240336454725
43,11,9.829977108828707
43,12,9.774997156771358
43,13,9.613342405924183
43,14,9.816611618007943
43,15,9.564236327714688
43,16,9.372213884803983
43,17,9.540711104868741
43,18,8.675339868581522
43,19,9.490044733433578
43,20,9.938775016363856
43,21,9.451333571706755
43,22,9.810478921056433
43,23,9.95054538686959
43,24,9.702326981750234
43,25,9.348561913004291
43,26,9.992839449919986
43,27,8.96388276591894
43,28,9.96276877913839
43,29,9.363029175251508
43,30,9.744546038172615
43,31,9.691683956074238
43,32,9.923779339512294
43,33,9.672142890529281
43,34,9.907949269218713
43,35,9.294422528865107
43,36,9.839810453918439
43,37,9.898844299920002
43,38,9.945025926709135
43,39,9.918325718900961
43,40,9.873087535597909
43,41,9.640909940071339
43,42,9.955390948968873
43,43,9.687057734229446
43,44,9.720427897615666
43,45,9.946842547462975
43,46,9.315014588033655
43,47,9.851806885529827
43,48,9.390487590026456
43,49,9.885942098736509
44,0,8.735317089486548
44,1,9.902764326633953
44,2,9.973529119950145
44,3,9.938816780641321
44,4,9.984387057807888
44,5,9.9378418485031
44,6,9.775897990288351
44,7,9.988797403455093
44,8,9.624207132518597
44,9,9.904353871250054
44,10,9.33935440350541
44,11,9.883212573801124
44,12,9.973781959973326
44,13,9.929530183425795
44,14,9.950128148556136
44,15,9.585179816906795
44,16,9.925183263495228
44,17,9.920604893344551
44,18,9.987606383753073
44,19,9.953024254151114
44,20,9.871613312209867
44,21,9.953695241514646
44,22,9.798820988865337
44,23,9.876216994327068
44,24,9.874942160554214
44,25,9.935711293564246
44,26,9.920799301970304
44,27,9.891231677622455
44,28,9.770035266685818
44,29,9.855478033559873
44,30,9.899517412048612
44,31,9.86958307062297
44,32,9.871530340690159
44,33,9.710316752533739
44,34,9.951360107907325
44,35,9.93884102769402
44,36,9.993432347574227
44,37,9.930135499943766
44,38,9.845557086814356
44,39,9.879742224435779
44,40,9.883667140491314
44,41,9.958080285758674
44,42,9.939472434046534
44,43,9.903787522839611
44,44,9.959192074477743
44,45,9.91446350429669
44,46,9.854560509748879
44,47,9.860853629082271
44,48,9.966444545436644
44,49,9.881142628271066
45,0,9.687890584959408
45,1,9.168473131033151
45,2,9.743927082669906
45,3,9.59762657736093
45,4,9.943473392151104
45,5,9.994830373144906
45,6,8.667643240473819
45,7,9.259085097477223
45,8,9.842842234642863
45,9,9.887872388365667
45,10,9.763768908701685
45,11,9.802438110928758
45,12,9.895498253880675
45,13,9.573182424877643
45,14,9.908184059695769
45,15,9.908165476826277
45,16,9.97773776495128
45,17,9.716820762695512
45,18,9.588275330340384
45,19,9.189970606012162
45,20,8.737401969481226
45,21,9.99801481574994
45,22,9.635879087735471
45,23,9.798907644852973
45,24,9.734471203625368
45,25,9.37917658511616
45,26,9.64429346924097
45,27,9.890515155581452
45,28,9.861361641262071
45,29,9.479161151633043
45,30,9.99794126871885
45,31,9.323237807441682
45,32,9.670417627006685
45,33,9.649421805393105
45,34,9.695961715292318
45,35,9.345156563488125
45,36,9.84948783483706
45,37,9.972073098495972
45,38,9.533712939272819
45,39,9.54259471270778
45,40,9.401606526309154
45,41,9.987597745999956
45,42,9.15772253508622
45,43,9.997150397629008
45,44,9.898110324340832
45,45,8.954568548431668
45,46,9.768685048364969
45,47,9.913590489177752
45,48,9.708445657698425
45,49,9.446613087124257
46,0,7.696862994676922
46,1,9.63109562532905
46,2,9.51161641263918
46,3,9.960685458028518
46,4,9.84450243627464
46,5,9.82377064856627
46,6,9.327501687089432
46,7,9.614291531262037
46,8,9.843162419156723
46,9,9.36187210733967
46,10,9.99152764125417
46,11,9.72468393256259
46,12,9.048000255231802
46,13,9.717193002848694
46,14,9.958248732732507
46,15,9.504429002215366
46,16,9.361674165138936
46,17,9.901942190199422
46,18,9.296722014330804
46,19,9.87683030700075
46,20,9.807480146396355
46,21,9.954170855545849
46,22,9.284466084664672
46,23,9.899071911552394
46,24,9.614006969455417
46,25,8.836688235009353
46,26,9.938555296796414
46,27,9.659383569033707
46,28,9.889334732032374
46,29,9.847711862157269
46,30,9.142421056267755
46,31,9.06125093267184
46,32,9.501377875401593
46,33,9.588334412483697
46,34,9.554194142521398
46,35,8.730613116004369
46,36,9.799528525044474
46,37,9.447661113754272
46,38,9.530340878765964
46,39,9.255345015658406
46,40,9.721588171695117
46,41,9.912832185112164
46,42,9.162553395843469
46,43,9.972329020529797
46,44,9.73875386376737
46,45,9.914651670234086
46,46,9.922056786778974
46,47,9.916940729684208
46,48,9.966661230869978
46,49,9.99427941207594
47,0,3.3756018692109144
47,1,0.0
47,2,0.0
47,3,3.177197784147925
47,4,0.2715017325899147
47,5,0.9996329048728878
47,6,0.0
47,7,0.0
47,8,0.0
47,9,3.049845571350475
47,10,0.752146741600626
47,11,0.0
47,12,0.0
47,13,0.0
47,14,0.4651884679492593
47,15,0.0
47,16,0.0
47,17,1.4064466064856553
47,18,0.0
47,19,2.3425107712715656
47,20,0.0
47,21,0.0
47,22,0.0
47,23,0.0
47,24,0.0
47,25,0.0
47,26,1.4593264406485886
47,27,0.0
47,28,2.9802547011953475
47,29,2.9079520998065025
47,30,0.0
47,31,0.0
47,32,2.677547958469079
47,33,0.0
47,34,0.6277247582068046
47,35,3.6950665649219943
47,36,0.0
47,37,4.506270190235478
47,38,0.0
47,39,0.0
47,40,1.1313441329175316
47,41,0.0
47,42,0.0
47,43,1.5176152632367028
47,44,0.0
47,45,0.8959162673550356
47,46,0.0
47,47,0.0
47,48,0.0
47,49,0.0
48,0,3.6068711228934136
48,1,6.459964768917794
48,2,5.2974343657936505
48,3,3.8718520857059104
48,4,6.231503303436517
48,5,5.032354180690333
48,6,6.463763088013122
48,7,6.6610453672702405
48,8,3.155877914152299
48,9,4.067018692509553
48,10,5.749036197936904
48,11,5.68527063255152
48,12,6.292906084549649
48,13,3.6149945834694837
48,14,8.713987236336068
48,15,4.27321381546996
48,16,6.010592729282133
48,17,6.095369198120313
48,18,5.927537089898538
48,19,5.575213035762498
48,20,6.614465830837866
48,21,4.278564826074605
48,22,4.053595104145236
48,23,7.7702733237578805
48,24,7.786475479074496
48,25,4.4367223509651454
48,26,5.851625303476565
48,27,4.125401934009054
48,28,5.017872137368531
48,29,5.094078381968466
48,30,5.672509771931439
48,31,7.8231602144250605
48,32,5.607691699953891
48,33,7.0585017569142545
48,34,6.945101902196657
48,35,5.185729865851748
48,36,4.763703053005078
48,37,6.2650969051233485
48,38,4.625395982502846
48,39,5.502304621154522
48,40,7.613516223115653
48,41,4.304475436786626
48,42,4.2258083083252505
48,43,6.772618324029133
48,44,4.1335081311282025
48,45,6.373035119000384
48,46,5.580280393261389
48,47,5.5516425824950675
48,48,6.431435448602318
48,49,6.872794386684582
49,0,9.321851407722248
49,1,9.933343893623693
49,2,8.759642505489309
49,3,9.455944618440466
49,4,9.881975511870504
49,5,9.804744655016032
49,6,9.440887425034372
49,7,9.772021953084899
49,8,9.782396661659325
49,9,9.889988784968747
49,10,9.8804470926437
49,11,9.600433472408538
49,12,9.72762067153847
49,13,9.973771828958037
49,14,9.326412603955891
49,15,9.187245567498628
49,16,9.392858475516853
49,17,9.666150241732232
49,18,9.24254510894261
49,19,9.918928124974933
49,20,9.710797425149096
49,21,9.770791993451912
49,22,9.090549619407687
49,23,9.812106605089156
49,24,9.80450556804869
49,25,9.494007115525642
49,26,8.40584845910567
49,27,9.725743299393798
49,28,9.868940910688542
49,29,9.486829944907692
49,30,9.639211277822985
49,31,9.63756407684499
49,32,8.66728888945024
49,33,9.253164846337098
49,34,9.511766115964571
49,35,9.455677482527067
49,36,9.479013503120473
49,37,9.85340742529087
49,38,7.8220336447933985
49,39,9.946306474105143
49,40,9.636710079510827
49,41,9.599551897626105
49,42,9.927833595121047
49,43,9.74078077791818
49,44,9.836478750200273
49,45,9.798038095179882
49,46,9.476613390136277
49,47,9.748249646784307
49,48,9.443459899612733
49,49,9.89295004454308
50,0,5.694079980904569
50,1,7.008697784226264
50,2,3.2215234161632704
50,3,3.935837376529749
50,4,3.352985333891098
50,5,3.171016696371897
50,6,6.369502799786103
50,7,6.252014615174964
50,8,4.672366935378398
50,9,5.923589644404021
50,10,6.619967766884151
50,11,4.978274087639537
50,12,3.89846710927222
50,13,6.271838713066265
50,14,2.8758789657027464
50,15,4.480216854363216
50,16,5.358209916910833
50,17,3.636511012238584
50,18,5.060970238333965
50,19,6.6006422448291096
50,20,4.608242100362494
50,21,4.903705833887422
50,22,4.735909563561464
50,23,4.890845690419804
50,24,7.144210962320155
50,25,5.871506379461961
50,26,5.0464135751965955
50,27,3.314473884949148
50,28,5.521675472288373
50,29,6.594694556473287
50,30,3.7221699755741824
50,31,6.5078222908626
50,32,5.5149486043493425
50,33,5.554965386783904
50,34,2.683318999821087
50,35,5.0312504724373905
50,36,5.454786828431739
50,37,3.1405656771537096
50,38,6.252389982830688
50,39,5.114313416031534
50,40,6.558330825858393
50,41,5.280386275140096
50,42,6.828208443485302
50,43,8.5803971880969
50,44,4.005207773138211
50,45,2.4164037698433427
50,46,5.8364965657131265
50,47,5.238491462594334
50,48,5.302910924143635
50,49,5.9081385891361204
51,0,2.045142856916451
51,1,0.0
51,2,1.7425981680980236
51,3,0.0
51,4,2.1424718951952286
51,5,4.587155362261203
51,6,3.14312608794822
51,7,0.0
51,8,0.0
51,9,0.0
51,10,0.0
51,11,0.0
51,12,1.9992388882148084
51,13,0.3110432867856865
51,14,2.0014264975060296
51,15,0.0
51,16,0.0
51,17,0.0
51,18,0.0
51,19,0.0
51,20,0.1297116284649782
51,21,0.0
51,22,0.0
51,23,0.0
51,24,0.0
51,25,0.0
51,26,0.0
51,27,0.0
51,28,0.0
51,29,0.0
51,30,1.1422429703505355
51,31,0.0
51,32,0.0
51,33,0.0
51,34,0.0
51,35,1.9520389195299401
51,36,0.0
51,37,0.0
51,38,0.0
51,39,0.8314207329018082
51,40,0.0
51,41,0.0
51,42,0.0
51,43,0.0
51,44,0.0
51,45,0.0
51,46,2.450264897809486
51,47,0.2808028483573555
51,48,0.0
51,49,0.0
52,0,5.344667579863542
52,1,4.750622619434253
52,2,3.1283237811357454
52,3,5.25186488857236
52,4,5.1920764255654825
52,5,5.623780465404514
52,6,3.2322534295426983
52,7,5.571794842118785
52,8,4.3838750617248925
52,9,8.98546334858141
52,10,8.44988676726537
52,11,4.017477758542797
52,12,4.5190891622506
52,13,4.593848922271273
52,14,7.709913131145303
52,15,6.406234979605009
52,16,5.978356984161039
52,17,6.927482129224988
52,18,7.455502943455228
52,19,4.19155374485357
52,20,5.7583848450893
52,21,3.7191707071964437
52,22,5.006247666077022
52,23,4.59428228495705
52,24,4.084545724862996
52,25,7.3462580708548115
52,26,3.2402422732988123
52,27,3.438190281425423
52,28,7.050519668167244
52,29,4.716685985131166
52,30,7.693668599946519
52,31,1.8344289312679205
52,32,6.131061341565541
52,33,5.960679056168605
52,34,5.735388166053118
52,35,3.9278525466848233
52,36,7.185758172139493
52,37,3.169430116731167
52,38,2.742062263373935
52,39,6.024993065801516
52,40,4.774331174563321
52,41,2.9497598472289157
52,42,7.039808070673854
52,43,4.180653188290138
52,44,3.922766068061331
52,45,6.534275898249593
52,46,5.782093145349542
52,47,5.621406057452422
52,48,4.829301639840966
52,49,4.780956140762366
53,0,9.890000431749085
53,1,9.834066862245516
53,2,9.259990028633213
53,3,9.8865286898325
53,4,9.26360557305636
53,5,9.684842665304929
53,6,9.569361783355456
53,7,9.657456310401997
53,8,9.805410033572265
53,9,9.817307190054805
53,10,9.52373536003531
53,11,9.255413334358115
53,12,9.638938194316154
53,13,9.762555212510666
53,14,9.478187948288001
53,15,9.74028918931078
53,16,9.791806588073465
53,17,9.724524357954937
53,18,9.767125828552162
53,19,9.73416968576022
53,20,9.398836646852914
53,21,9.422478626999608
53,22,9.440038742353616
53,23,9.80405167777649
53,24,9.978695146152747
53,25,9.72293319854661
53,26,9.783793443422852
53,27,9.644425017332187
53,28,9.507127811316314
53,29,9.557048229333603
53,30,9.809046067998224
53,31,9.862834290024614
53,32,9.919711985315972
53,33,9.857007938004934
53,34,9.7420068244603
53,35,9.952774883959506
53,36,9.903431362991038
53,37,9.690697222041443
53,38,9.661363383825268
53,39,9.939161277738842
53,40,9.959019259126126
53,41,9.830803848017739
53,42,9.8075360453671
53,43,9.59825562328934
53,44,9.663668340789995
53,45,8.411891451944829
53,46,9.92691852302541
53,47,9.598455478486734
53,48,9.640560391658521
53,49,9.842364286526955
54,0,9.89191733369429
54,1,9.915496712310036
54,2,9.962846829712834
54,3,9.924747766841639
54,4,9.932207027720953
54,5,9.748226997605821
54,6,9.900611100199685
54,7,9.96890569447698
54,8,9.969394060674093
54,9,9.981508297770961
54,10,9.88495165587382
54,11,9.757311800281117
54,12,9.750578452150819
54,13,9.926652754626991
54,14,9.929447747791409
54,15,9.945993456392275
54,16,9.94232796001699
54,17,9.939010390531907
54,18,9.85196571106134
54,19,9.958308485083167
54,20,9.91679262178602
54,21,9.958708100345508
54,22,9.795086056583852
54,23,9.938236703220722
54,24,9.863750139119905
54,25,9.912686148328635
54,26,9.84160724447894
54,27,9.97779317463093
54,28,9.869307391874456
54,29,9.976912260617887
54,30,9.870030611733013
54,31,9.8583134155884
54,32,9.93316571033634
54,33,9.879700637842513
54,34,9.934961829730735
54,35,9.923852489169615
54,36,9.825123094426758
54,37,9.911081685095144
54,38,9.911104320657921
54,39,9.916694584118003
54,40,9.879270618658174
54,41,9.911400777159189
54,42,9.942904418212793
54,43,9.88551722058213
54,44,9.936229071380344
54,45,9.92139582180578
54,46,9.817799125110447
54,47,9.907009912400502
54,48,9.952823589416324
54,49,9.880702020182227
55,0,9.511674436021469
55,1,6.597240745120097
55,2,9.153042334573623
55,3,9.88506042248371
55,4,9.591911313217008
55,5,9.686345097777725
55,6,9.559048785775275
55,7,7.918411498827892
55,8,9.04186561239143
55,9,9.877967673700669
55,10,9.924438909495837
55,11,9.809008022286822
55,12,9.541211013501314
55,13,9.945416828280171
55,14,9.611154225943087
55,15,9.697552273495718
55,16,9.010686911207385
55,17,9.843513923889722
55,18,9.51012758135563
55,19,9.805534130513923
55,20,9.587852202815245
55,21,8.778067496626964
55,22,9.132406801128964
55,23,9.467665426103393
55,24,9.427212566330311
55,25,8.863524124751967
55,26,9.652769114649699
55,27,8.053415566664514
55,28,9.464103041621396
55,29,9.35001764775662
55,30,9.307222395884333
55,31,8.80576195803716
55,32,8.64513215922347
55,33,9.053310782443056
55,34,9.087946321232145
55,35,9.605592941583746
55,36,9.502107100772662
55,37,8.529530637739883
55,38,9.708864868849995
55,39,9.505940647118488
55,40,9.256072956244841
55,41,9.595687864878185
55,42,9.974236656445756
55,43,9.5480780645172
55,44,9.46396727563975
55,45,9.873596662569504
55,46,8.938355854939866
55,47,9.274812814430357
55,48,9.641826967354083
55,49,9.712350679419487
56,0,3.5499221969042996
56,1,0.0
56,2,0.0
56,3,1.813139381230032
56,4,0.6181976512026282
56,5,0.0
56,6,1.0148711767038812
56,7,4.1503478336641875
56,8,0.0
56,9,3.281453685776892
56,10,0.1900883609220827
56,11,6.444321120432795
56,12,5.552598406047671
56,13,3.8197270846190854
56,14,2.979303773855868
56,15,1.274499655482229
56,16,0.22650018342171663
56,17,0.9886093414377566
56,18,0.0
56,19,0.0
56,20,0.0
56,21,1.6073756291108108
56,22,0.0
56,23,1.6292552603600967
56,24,0.9426879521961737
56,25,0.0
56,26,3.0811769877017916
56,27,1.9587676649352819
56,28,0.0
56,29,1.137445595985188
56,30,0.0
56,31,0.7226053358881188
56,32,0.8519170024143001
56,33,2.3169216473103704
56,34,3.5457601302073813
56,35,3.6374656278081474
56,36,4.347873926919564
56,37,3.1791581360041246
56,38,0.32140183913574916
56,39,3.8453484724601594
56,40,0.0
56,41,3.046485954786556
56,42,3.384672321898349
56,43,2.285267540915208
56,44,0.9705575846904893
56,45,0.3317089948561911
56,46,3.2816791838565385
56,47,2.853740210193494
56,48,2.6389814278105526
56,49,2.171149606457794
57,0,9.620934994776038
57,1,9.501410238234259
57,2,9.625935482193636
57,3,9.629922892472615
57,4,9.679934657872357
57,5,9.654921483279798
57,6,9.805329362722281
57,7,9.54553771037308
57,8,9.640278943048155
57,9,9.84262147431957
57,10,9.348490693804267
57,11,9.258172788256541
57,12,9.944321956268418
57,13,9.562940441194758
57,14,9.795487268741743
57,15,9.566758457822843
57,16,9.592054311224683
57,17,9.401095638700923
57,18,9.679341660120384
57,19,9.623131923550718
57,20,9.515810654198672
57,21,9.692852517758368
57,22,9.750373411810907
57,23,9.930196181708217
57,24,9.723638431636966
57,25,9.830839246652111
57,26,9.573091142540767
57,27,9.862121813988953
57,28,9.69169619778489
57,29,9.746228765183892
57,30,9.763705484623983
57,31,9.86059286954041
57,32,9.83637071639196
57,33,9.90968422743796
57,34,9.623482161976096
57,35,9.762601023776234
57,36,9.65441662374715
57,37,9.532752454956373
57,38,9.79516826869689
57,39,9.48551711319787
57,40,9.629542305779577
57,41,9.412029209220721
57,42,9.880203872688606
57,43,9.641738145831672
57,44,9.681285345438699
57,45,9.806249137156327
57,46,9.663836744806751
57,47,8.82363951432483
57,48,9.753025870549868
57,49,9.743690985281122
58,0,6.039708389502589
58,1,3.546942815110329
58,2,4.260041653755233
58,3,4.992244103014661
58,4,4.130807900289844
58,5,6.052605107117495
58,6,5.204767356286549
58,7,6.108322683102708
58,8,4.570016210584285
58,9,4.095941603682255
58,10,4.556915081548887
58,11,3.4181899838456555
58,12,5.423149652039056
58,13,7.777777251437184
58,14,4.1910826486819115
58,15,4.027084151012232
58,16,7.44052905511318
58,17,5.77111707237387
58,18,6.461825332086502
58,19,5.248229993258972
58,20,7.2406272128429015
58,21,6.23363514631495
58,22,4.423879367609118
58,23,7.3126471424679025
58,24,3.69276219415645
58,25,4.992103235834284
58,26,4.764226251090471
58,27,4.950155911220886
58,28,4.722074443105848
58,29,5.121186760027631
58,30,3.778745889707049
58,31,4.761527063502951
58,32,4.978523870285132
58,33,4.31512375023925
58,34,4.201451279902444
58,35,3.0119329557115755
58,36,4.513143659211602
58,37,6.469495134826669
58,38,6.055250175316072
58,39,6.095592611514663
58,40,7.434648153730922
58,41,6.445785305173221
58,42,5.554316728551408
58,43,2.4652090981796118
58,44,4.029782910958949
58,45,1.38887153658081
58,46,4.708844430205791
58,47,4.275457549117424
58,48,5.767283609236796
58,49,4.079320102236651
59,0,4.759115013883251
59,1,0.62715973560179
59,2,9.357587956235678
59,3,3.794128811216387
59,4,3.798687251514168
59,5,0.0
59,6,7.625368376705775
59,7,7.221460762073553
59,8,0.0
59,9,7.268625727361921
59,10,5.311617205649618
59,11,1.3129199969076826
59,12,0.0
59,13,4.9282328875295764
59,14,5.203821794214962
59,15,3.131965597199051
59,16,8.964402306494316
59,17,0.0
59,18,6.006813023501023
59,19,7.10623884200986
59,20,6.2933442299004145
59,21,3.3711608147776806
59,22,7.771459916839406
59,23,9.199277671767675
59,24,8.439394602141824
59,25,1.08896818841548
59,26,0.0
59,27,4.993654354516417
59,28,9.253491775763171
59,29,1.8540861027950744
59,30,0.5226766374728662
59,31,6.79302339638096
59,32,3.4428118294426424
59,33,7.705107423743459
59,34,7.618376280804178
59,35,7.319389781273962
59,36,3.2600806366690636
59,37,4.441428840309534
59,38,0.0
59,39,5.354021830579322
59,40,3.027779955882993
59,41,4.563314188120874
59,42,2.85507702112743
59,43,7.074691408180236
59,44,8.806662824289305
59,45,6.445434422218444
59,46,0.0
59,47,0.0
59,48,2.5955096682290177
59,49,0.0
60,0,9.783403268152126
60,1,9.655111047169362
60,2,9.697319244069648
60,3,9.194655819671818
60,4,8.648008007968157
60,5,9.648781695770843
60,6,9.278186240274342
60,7,9.326930840900506
60,8,9.696007699911068
60,9,9.284056942870887
60,10,9.501977860592724
60,11,9.580690782550391
60,12,8.94809223985489
60,13,9.637137709902728
60,14,9.519617484250972
60,15,9.094973303219835
60,16,9.413606826518151
60,17,9.061300399541851
60,18,9.800919841136276
60,19,9.753027027383329
60,20,9.417294737616917
60,21,8.87601040160326
60,22,9.157534883169713
60,23,8.957451046305058
60,24,9.40331454538227
60,25,9.75236810753734
60,26,9.680748530635432
60,27,9.678363874014115
60,28,9.520026405420436
60,29,9.294160866585772
60,30,9.65822411598001
60,31,8.921866660515569
60,32,9.591179379146153
60,33,9.529174913609165
60,34,9.73072379310697
60,35,8.976958242412314
60,36,9.484526522618353
60,37,8.981911518436394
60,38,8.982901368561834
60,39,8.995916392021313
60,40,8.183830335844846
60,41,9.51201453409407
60,42,9.915469225334908
60,43,9.562098310260254
60,44,8.87165610702703
60,45,9.568223502108623
60,46,9.507368512839413
60,47,8.854899813624108
60,48,9.461648109427346
60,49,9.372529820152039
